{
  "_format": "hh-sol-cache-2",
  "files": {
    "C:\\App\\3oh1\\contracts\\ThreeOhToken.sol": {
      "lastModificationDate": 1641369982963,
      "contentHash": "fdcda88d1cc90e50150a1b70d069edae",
      "sourceName": "contracts/ThreeOhToken.sol",
      "solcConfig": {
        "version": "0.7.3",
        "settings": {
          "optimizer": {
            "enabled": true,
            "runs": 1
          },
          "outputSelection": {
            "*": {
              "*": [
                "abi",
                "evm.bytecode",
                "evm.deployedBytecode",
                "evm.methodIdentifiers",
                "metadata"
              ],
              "": [
                "ast"
              ]
            }
          }
        }
      },
      "imports": [
        "./Context.sol",
        "./Ownable.sol",
        "./Address.sol",
        "./SafeMath.sol",
        "./IERC20.sol",
        "./IUniswapV2Factory.sol"
      ],
      "versionPragmas": [
        "^0.7.0"
      ],
      "artifacts": [
        "ThreeOhToken"
      ]
    },
    "C:\\App\\3oh1\\contracts\\Context.sol": {
      "lastModificationDate": 1641367085031,
      "contentHash": "8a06726c3ca5a2d61a2b4fbe1a08e24d",
      "sourceName": "contracts/Context.sol",
      "solcConfig": {
        "version": "0.7.3",
        "settings": {
          "optimizer": {
            "enabled": true,
            "runs": 1
          },
          "outputSelection": {
            "*": {
              "*": [
                "abi",
                "evm.bytecode",
                "evm.deployedBytecode",
                "evm.methodIdentifiers",
                "metadata"
              ],
              "": [
                "ast"
              ]
            }
          }
        }
      },
      "imports": [],
      "versionPragmas": [
        "^0.7.0"
      ],
      "artifacts": [
        "Context"
      ]
    },
    "C:\\App\\3oh1\\contracts\\Ownable.sol": {
      "lastModificationDate": 1641369408169,
      "contentHash": "b17a7495b77611ddf9e70f1b9bf9d6b6",
      "sourceName": "contracts/Ownable.sol",
      "solcConfig": {
        "version": "0.7.3",
        "settings": {
          "optimizer": {
            "enabled": true,
            "runs": 1
          },
          "outputSelection": {
            "*": {
              "*": [
                "abi",
                "evm.bytecode",
                "evm.deployedBytecode",
                "evm.methodIdentifiers",
                "metadata"
              ],
              "": [
                "ast"
              ]
            }
          }
        }
      },
      "imports": [
        "./Context.sol"
      ],
      "versionPragmas": [
        "^0.7.0"
      ],
      "artifacts": [
        "Ownable"
      ]
    },
    "C:\\App\\3oh1\\contracts\\Address.sol": {
      "lastModificationDate": 1641369631181,
      "contentHash": "03f69994a197bb9b5d65d227ab1f84fe",
      "sourceName": "contracts/Address.sol",
      "solcConfig": {
        "version": "0.7.3",
        "settings": {
          "optimizer": {
            "enabled": true,
            "runs": 1
          },
          "outputSelection": {
            "*": {
              "*": [
                "abi",
                "evm.bytecode",
                "evm.deployedBytecode",
                "evm.methodIdentifiers",
                "metadata"
              ],
              "": [
                "ast"
              ]
            }
          }
        }
      },
      "imports": [],
      "versionPragmas": [
        "^0.7.0"
      ],
      "artifacts": [
        "Address"
      ]
    },
    "C:\\App\\3oh1\\contracts\\SafeMath.sol": {
      "lastModificationDate": 1641369708634,
      "contentHash": "04f01867adabcb8e03d10258f5700a01",
      "sourceName": "contracts/SafeMath.sol",
      "solcConfig": {
        "version": "0.7.3",
        "settings": {
          "optimizer": {
            "enabled": true,
            "runs": 1
          },
          "outputSelection": {
            "*": {
              "*": [
                "abi",
                "evm.bytecode",
                "evm.deployedBytecode",
                "evm.methodIdentifiers",
                "metadata"
              ],
              "": [
                "ast"
              ]
            }
          }
        }
      },
      "imports": [],
      "versionPragmas": [
        "^0.7.0"
      ],
      "artifacts": [
        "SafeMath"
      ]
    },
    "C:\\App\\3oh1\\contracts\\IERC20.sol": {
      "lastModificationDate": 1641369825652,
      "contentHash": "51da608dc4f8d35427cf2d9239155f6d",
      "sourceName": "contracts/IERC20.sol",
      "solcConfig": {
        "version": "0.7.3",
        "settings": {
          "optimizer": {
            "enabled": true,
            "runs": 1
          },
          "outputSelection": {
            "*": {
              "*": [
                "abi",
                "evm.bytecode",
                "evm.deployedBytecode",
                "evm.methodIdentifiers",
                "metadata"
              ],
              "": [
                "ast"
              ]
            }
          }
        }
      },
      "imports": [],
      "versionPragmas": [
        "^0.7.0"
      ],
      "artifacts": [
        "IERC20"
      ]
    },
    "C:\\App\\3oh1\\contracts\\IUniswapV2Factory.sol": {
      "lastModificationDate": 1641369984932,
      "contentHash": "e58d51180f089e7ef2694c0b138c8678",
      "sourceName": "contracts/IUniswapV2Factory.sol",
      "solcConfig": {
        "version": "0.7.3",
        "settings": {
          "optimizer": {
            "enabled": true,
            "runs": 1
          },
          "outputSelection": {
            "*": {
              "*": [
                "abi",
                "evm.bytecode",
                "evm.deployedBytecode",
                "evm.methodIdentifiers",
                "metadata"
              ],
              "": [
                "ast"
              ]
            }
          }
        }
      },
      "imports": [],
      "versionPragmas": [
        ">=0.5.0"
      ],
      "artifacts": [
        "IUniswapV2Factory",
        "IUniswapV2Pair",
        "IUniswapV2Router01",
        "IUniswapV2Router02"
      ]
    }
  }
}
