{
  "_format": "hh-sol-cache-2",
  "files": {
    "C:\\App\\OHO\\contracts\\Address.sol": {
      "lastModificationDate": 1641369631181,
      "contentHash": "03f69994a197bb9b5d65d227ab1f84fe",
      "sourceName": "contracts/Address.sol",
      "solcConfig": {
        "version": "0.7.3",
        "settings": {
          "optimizer": {
            "enabled": true,
            "runs": 1
          },
          "outputSelection": {
            "*": {
              "*": [
                "abi",
                "evm.bytecode",
                "evm.deployedBytecode",
                "evm.methodIdentifiers",
                "metadata"
              ],
              "": [
                "ast"
              ]
            }
          }
        }
      },
      "imports": [],
      "versionPragmas": [
        "^0.7.0"
      ],
      "artifacts": [
        "Address"
      ]
    },
    "C:\\App\\OHO\\contracts\\Context.sol": {
      "lastModificationDate": 1641367085031,
      "contentHash": "8a06726c3ca5a2d61a2b4fbe1a08e24d",
      "sourceName": "contracts/Context.sol",
      "solcConfig": {
        "version": "0.7.3",
        "settings": {
          "optimizer": {
            "enabled": true,
            "runs": 1
          },
          "outputSelection": {
            "*": {
              "*": [
                "abi",
                "evm.bytecode",
                "evm.deployedBytecode",
                "evm.methodIdentifiers",
                "metadata"
              ],
              "": [
                "ast"
              ]
            }
          }
        }
      },
      "imports": [],
      "versionPragmas": [
        "^0.7.0"
      ],
      "artifacts": [
        "Context"
      ]
    },
    "C:\\App\\OHO\\contracts\\Ownable.sol": {
      "lastModificationDate": 1641536366769,
      "contentHash": "0ca0300c8b43fcce15af314718499554",
      "sourceName": "contracts/Ownable.sol",
      "solcConfig": {
        "version": "0.7.3",
        "settings": {
          "optimizer": {
            "enabled": true,
            "runs": 1
          },
          "outputSelection": {
            "*": {
              "*": [
                "abi",
                "evm.bytecode",
                "evm.deployedBytecode",
                "evm.methodIdentifiers",
                "metadata"
              ],
              "": [
                "ast"
              ]
            }
          }
        }
      },
      "imports": [
        "./Context.sol"
      ],
      "versionPragmas": [
        "^0.7.0"
      ],
      "artifacts": [
        "Ownable"
      ]
    },
    "C:\\App\\OHO\\contracts\\SafeMath.sol": {
      "lastModificationDate": 1641369708634,
      "contentHash": "04f01867adabcb8e03d10258f5700a01",
      "sourceName": "contracts/SafeMath.sol",
      "solcConfig": {
        "version": "0.7.3",
        "settings": {
          "optimizer": {
            "enabled": true,
            "runs": 1
          },
          "outputSelection": {
            "*": {
              "*": [
                "abi",
                "evm.bytecode",
                "evm.deployedBytecode",
                "evm.methodIdentifiers",
                "metadata"
              ],
              "": [
                "ast"
              ]
            }
          }
        }
      },
      "imports": [],
      "versionPragmas": [
        "^0.7.0"
      ],
      "artifacts": [
        "SafeMath"
      ]
    },
    "C:\\App\\OHO\\contracts\\IERC20.sol": {
      "lastModificationDate": 1641369825652,
      "contentHash": "51da608dc4f8d35427cf2d9239155f6d",
      "sourceName": "contracts/IERC20.sol",
      "solcConfig": {
        "version": "0.7.3",
        "settings": {
          "optimizer": {
            "enabled": true,
            "runs": 1
          },
          "outputSelection": {
            "*": {
              "*": [
                "abi",
                "evm.bytecode",
                "evm.deployedBytecode",
                "evm.methodIdentifiers",
                "metadata"
              ],
              "": [
                "ast"
              ]
            }
          }
        }
      },
      "imports": [],
      "versionPragmas": [
        "^0.7.0"
      ],
      "artifacts": [
        "IERC20"
      ]
    },
    "C:\\App\\OHO\\contracts\\IUniswapV2Factory.sol": {
      "lastModificationDate": 1641538136919,
      "contentHash": "d06f6c47587961a5da4e50af0e0c601d",
      "sourceName": "contracts/IUniswapV2Factory.sol",
      "solcConfig": {
        "version": "0.7.3",
        "settings": {
          "optimizer": {
            "enabled": true,
            "runs": 1
          },
          "outputSelection": {
            "*": {
              "*": [
                "abi",
                "evm.bytecode",
                "evm.deployedBytecode",
                "evm.methodIdentifiers",
                "metadata"
              ],
              "": [
                "ast"
              ]
            }
          }
        }
      },
      "imports": [],
      "versionPragmas": [
        "^0.7.0"
      ],
      "artifacts": [
        "IUniswapV2Factory",
        "IUniswapV2Pair",
        "IUniswapV2Router01",
        "IUniswapV2Router02"
      ]
    },
    "C:\\App\\OHO\\contracts\\ThreeOhToken_2.sol": {
      "lastModificationDate": 1641541042298,
      "contentHash": "9d76ca93fb59ab8359a6ae41a8ee73af",
      "sourceName": "contracts/ThreeOhToken_2.sol",
      "solcConfig": {
        "version": "0.7.3",
        "settings": {
          "optimizer": {
            "enabled": true,
            "runs": 1
          },
          "outputSelection": {
            "*": {
              "*": [
                "abi",
                "evm.bytecode",
                "evm.deployedBytecode",
                "evm.methodIdentifiers",
                "metadata"
              ],
              "": [
                "ast"
              ]
            }
          }
        }
      },
      "imports": [
        "./Context.sol",
        "./Ownable.sol",
        "./Address.sol",
        "./SafeMath.sol",
        "./IERC20.sol",
        "./IUniswapV2Factory.sol"
      ],
      "versionPragmas": [
        "^0.7.0"
      ],
      "artifacts": [
        "ThreeOhToken_2"
      ]
    }
  }
}
