{
  "version": "3.2",
  "log": [
    {
      "Address": {
        "src": "contracts\\Address.sol:5",
        "version": {
          "withMetadata": "fb38f71177d0c07ebcd664462e7b05e8b20ddb713bcf0070ff2ecc6407a087de",
          "withoutMetadata": "aaa148c474cd10e1a6cd0a52c0b55f1aa9b7bb7b42d7f1cb5acaea4f42f04bc8",
          "linkedWithoutMetadata": "aaa148c474cd10e1a6cd0a52c0b55f1aa9b7bb7b42d7f1cb5acaea4f42f04bc8"
        },
        "inherit": [],
        "libraries": [],
        "methods": [],
        "linkReferences": [],
        "errors": [],
        "layout": {
          "storage": [],
          "types": {},
          "layoutVersion": "1.1"
        }
      },
      "Context": {
        "src": "contracts\\Context.sol:2",
        "inherit": [],
        "libraries": [],
        "methods": [],
        "linkReferences": [],
        "errors": [],
        "layout": {
          "storage": [],
          "types": {},
          "layoutVersion": "1.1"
        }
      },
      "IERC20": {
        "src": "contracts\\IERC20.sol:2",
        "inherit": [],
        "libraries": [],
        "methods": [
          "totalSupply()",
          "balanceOf(address)",
          "transfer(address,uint256)",
          "allowance(address,address)",
          "approve(address,uint256)",
          "transferFrom(address,address,uint256)"
        ],
        "linkReferences": [],
        "errors": [],
        "layout": {
          "storage": [],
          "types": {},
          "layoutVersion": "1.1"
        }
      },
      "IUniswapV2Factory": {
        "src": "contracts\\IUniswapV2Factory.sol:3",
        "inherit": [],
        "libraries": [],
        "methods": [
          "feeTo()",
          "feeToSetter()",
          "getPair(address,address)",
          "allPairs(uint256)",
          "allPairsLength()",
          "createPair(address,address)",
          "setFeeTo(address)",
          "setFeeToSetter(address)"
        ],
        "linkReferences": [],
        "errors": [],
        "layout": {
          "storage": [],
          "types": {},
          "layoutVersion": "1.1"
        }
      },
      "IUniswapV2Pair": {
        "src": "contracts\\IUniswapV2Factory.sol:22",
        "inherit": [],
        "libraries": [],
        "methods": [
          "name()",
          "symbol()",
          "decimals()",
          "totalSupply()",
          "balanceOf(address)",
          "allowance(address,address)",
          "approve(address,uint256)",
          "transfer(address,uint256)",
          "transferFrom(address,address,uint256)",
          "DOMAIN_SEPARATOR()",
          "PERMIT_TYPEHASH()",
          "nonces(address)",
          "permit(address,address,uint256,uint256,uint8,bytes32,bytes32)",
          "MINIMUM_LIQUIDITY()",
          "factory()",
          "token0()",
          "token1()",
          "getReserves()",
          "price0CumulativeLast()",
          "price1CumulativeLast()",
          "kLast()",
          "mint(address)",
          "burn(address)",
          "swap(uint256,uint256,address,bytes)",
          "skim(address)",
          "sync()",
          "initialize(address,address)"
        ],
        "linkReferences": [],
        "errors": [],
        "layout": {
          "storage": [],
          "types": {},
          "layoutVersion": "1.1"
        }
      },
      "IUniswapV2Router01": {
        "src": "contracts\\IUniswapV2Factory.sol:76",
        "inherit": [],
        "libraries": [],
        "methods": [
          "factory()",
          "WETH()",
          "addLiquidity(address,address,uint256,uint256,uint256,uint256,address,uint256)",
          "addLiquidityETH(address,uint256,uint256,uint256,address,uint256)",
          "removeLiquidity(address,address,uint256,uint256,uint256,address,uint256)",
          "removeLiquidityETH(address,uint256,uint256,uint256,address,uint256)",
          "removeLiquidityWithPermit(address,address,uint256,uint256,uint256,address,uint256,bool,uint8,bytes32,bytes32)",
          "removeLiquidityETHWithPermit(address,uint256,uint256,uint256,address,uint256,bool,uint8,bytes32,bytes32)",
          "swapExactTokensForTokens(uint256,uint256,address[],address,uint256)",
          "swapTokensForExactTokens(uint256,uint256,address[],address,uint256)",
          "swapExactETHForTokens(uint256,address[],address,uint256)",
          "swapTokensForExactETH(uint256,uint256,address[],address,uint256)",
          "swapExactTokensForETH(uint256,uint256,address[],address,uint256)",
          "swapETHForExactTokens(uint256,address[],address,uint256)",
          "quote(uint256,uint256,uint256)",
          "getAmountOut(uint256,uint256,uint256)",
          "getAmountIn(uint256,uint256,uint256)",
          "getAmountsOut(uint256,address[])",
          "getAmountsIn(uint256,address[])"
        ],
        "linkReferences": [],
        "errors": [],
        "layout": {
          "storage": [],
          "types": {},
          "layoutVersion": "1.1"
        }
      },
      "IUniswapV2Router02": {
        "src": "contracts\\IUniswapV2Factory.sol:174",
        "inherit": [
          "IUniswapV2Router01"
        ],
        "libraries": [],
        "methods": [
          "removeLiquidityETHSupportingFeeOnTransferTokens(address,uint256,uint256,uint256,address,uint256)",
          "removeLiquidityETHWithPermitSupportingFeeOnTransferTokens(address,uint256,uint256,uint256,address,uint256,bool,uint8,bytes32,bytes32)",
          "swapExactTokensForTokensSupportingFeeOnTransferTokens(uint256,uint256,address[],address,uint256)",
          "swapExactETHForTokensSupportingFeeOnTransferTokens(uint256,address[],address,uint256)",
          "swapExactTokensForETHSupportingFeeOnTransferTokens(uint256,uint256,address[],address,uint256)"
        ],
        "linkReferences": [],
        "errors": [],
        "layout": {
          "storage": [],
          "types": {},
          "layoutVersion": "1.1"
        }
      },
      "Ownable": {
        "src": "contracts\\Ownable.sol:15",
        "version": {
          "withMetadata": "437f2984b933d617ec5d57d38583aeb1f4e75296b0d618199a92ad186ac0691f",
          "withoutMetadata": "6fffee8fc7bc4d16b3d10e5a744d53c93f514c6925086253e8f5b4ab3aa4ba27",
          "linkedWithoutMetadata": "6fffee8fc7bc4d16b3d10e5a744d53c93f514c6925086253e8f5b4ab3aa4ba27"
        },
        "inherit": [
          "Context"
        ],
        "libraries": [],
        "methods": [
          "initial()",
          "owner()",
          "renounceOwnership()",
          "transferOwnership(address)",
          "geUnlockTime()"
        ],
        "linkReferences": [],
        "errors": [],
        "layout": {
          "storage": [
            {
              "contract": "Ownable",
              "label": "_owner",
              "type": "t_address",
              "src": "contracts\\Ownable.sol:16"
            },
            {
              "contract": "Ownable",
              "label": "_previousOwner",
              "type": "t_address",
              "src": "contracts\\Ownable.sol:17"
            },
            {
              "contract": "Ownable",
              "label": "_lockTime",
              "type": "t_uint256",
              "src": "contracts\\Ownable.sol:18"
            }
          ],
          "types": {
            "t_address": {
              "label": "address"
            },
            "t_uint256": {
              "label": "uint256"
            }
          },
          "layoutVersion": "1.1"
        }
      },
      "SafeMath": {
        "src": "contracts\\SafeMath.sol:15",
        "version": {
          "withMetadata": "2ae93945a27b003a52f9e92060d7d78fd32384d105719ab06f0dda1df5552252",
          "withoutMetadata": "aaa148c474cd10e1a6cd0a52c0b55f1aa9b7bb7b42d7f1cb5acaea4f42f04bc8",
          "linkedWithoutMetadata": "aaa148c474cd10e1a6cd0a52c0b55f1aa9b7bb7b42d7f1cb5acaea4f42f04bc8"
        },
        "inherit": [],
        "libraries": [],
        "methods": [],
        "linkReferences": [],
        "errors": [],
        "layout": {
          "storage": [],
          "types": {},
          "layoutVersion": "1.1"
        }
      },
      "ThreeOhToken_2": {
        "src": "contracts\\ThreeOhToken_2.sol:31",
        "version": {
          "withMetadata": "0dd7dfbae9b89843ac12448d060df13339fbdd349175b4cd3b38d5c23995240e",
          "withoutMetadata": "acdfb33da5fe880ea16e3c28bdf9ea0fc9182378d34d219b5d7248036bd99639",
          "linkedWithoutMetadata": "acdfb33da5fe880ea16e3c28bdf9ea0fc9182378d34d219b5d7248036bd99639"
        },
        "inherit": [
          "Ownable",
          "IERC20",
          "Context"
        ],
        "libraries": [
          "SafeMath",
          "Address"
        ],
        "methods": [
          "initialize()",
          "name()",
          "symbol()",
          "decimals()",
          "totalSupply()",
          "balanceOf(address)",
          "transfer(address,uint256)",
          "allowance(address,address)",
          "approve(address,uint256)",
          "transferFrom(address,address,uint256)",
          "increaseAllowance(address,uint256)",
          "decreaseAllowance(address,uint256)",
          "isExcludedFromReward(address)",
          "totalFees()",
          "deliver(uint256)",
          "reflectionFromToken(uint256,bool)",
          "tokenFromReflection(uint256)",
          "excludeFromReward(address)",
          "includeInReward(address)",
          "()",
          "isExcludedFromFee(address)",
          "buyBackUpperLimitAmount()",
          "setBuyBackEnabled(bool)",
          "excludeFromFee(address)",
          "includeInFee(address)",
          "setMarketingWallet(address)",
          "setBuybackWallet(address)",
          "setComunityWallet(address)",
          "setAdvocacyAddress(address)",
          "setMaxTxPercent(uint256)",
          "setSwapAndLiquifyEnabled(bool)",
          "_mint(uint256)"
        ],
        "linkReferences": [],
        "errors": [],
        "layout": {
          "storage": [
            {
              "contract": "ThreeOhToken_2",
              "label": "_rOwned",
              "type": "t_mapping(t_address,t_uint256)",
              "src": "contracts\\ThreeOhToken_2.sol:34"
            },
            {
              "contract": "ThreeOhToken_2",
              "label": "_tOwned",
              "type": "t_mapping(t_address,t_uint256)",
              "src": "contracts\\ThreeOhToken_2.sol:36"
            },
            {
              "contract": "ThreeOhToken_2",
              "label": "_allowances",
              "type": "t_mapping(t_address,t_mapping(t_address,t_uint256))",
              "src": "contracts\\ThreeOhToken_2.sol:37"
            },
            {
              "contract": "ThreeOhToken_2",
              "label": "_isExcludedFromFee",
              "type": "t_mapping(t_address,t_bool)",
              "src": "contracts\\ThreeOhToken_2.sol:38"
            },
            {
              "contract": "ThreeOhToken_2",
              "label": "_isExcluded",
              "type": "t_mapping(t_address,t_bool)",
              "src": "contracts\\ThreeOhToken_2.sol:41"
            },
            {
              "contract": "ThreeOhToken_2",
              "label": "_excluded",
              "type": "t_array(t_address)dyn_storage",
              "src": "contracts\\ThreeOhToken_2.sol:42"
            },
            {
              "contract": "ThreeOhToken_2",
              "label": "_tTotal",
              "type": "t_uint256",
              "src": "contracts\\ThreeOhToken_2.sol:45"
            },
            {
              "contract": "ThreeOhToken_2",
              "label": "_rTotal",
              "type": "t_uint256",
              "src": "contracts\\ThreeOhToken_2.sol:46"
            },
            {
              "contract": "ThreeOhToken_2",
              "label": "_tFeeTotal",
              "type": "t_uint256",
              "src": "contracts\\ThreeOhToken_2.sol:48"
            },
            {
              "contract": "ThreeOhToken_2",
              "label": "_name",
              "type": "t_string_storage",
              "src": "contracts\\ThreeOhToken_2.sol:49"
            },
            {
              "contract": "ThreeOhToken_2",
              "label": "_symbol",
              "type": "t_string_storage",
              "src": "contracts\\ThreeOhToken_2.sol:51"
            },
            {
              "contract": "ThreeOhToken_2",
              "label": "_decimals",
              "type": "t_uint8",
              "src": "contracts\\ThreeOhToken_2.sol:52"
            },
            {
              "contract": "ThreeOhToken_2",
              "label": "_taxFee",
              "type": "t_uint256",
              "src": "contracts\\ThreeOhToken_2.sol:54"
            },
            {
              "contract": "ThreeOhToken_2",
              "label": "_previousTaxFee",
              "type": "t_uint256",
              "src": "contracts\\ThreeOhToken_2.sol:55"
            },
            {
              "contract": "ThreeOhToken_2",
              "label": "_liquidityFee",
              "type": "t_uint256",
              "src": "contracts\\ThreeOhToken_2.sol:57"
            },
            {
              "contract": "ThreeOhToken_2",
              "label": "_previousLiquidityFee",
              "type": "t_uint256",
              "src": "contracts\\ThreeOhToken_2.sol:57"
            },
            {
              "contract": "ThreeOhToken_2",
              "label": "_burnFee",
              "type": "t_uint256",
              "src": "contracts\\ThreeOhToken_2.sol:58"
            },
            {
              "contract": "ThreeOhToken_2",
              "label": "_previousBurnFee",
              "type": "t_uint256",
              "src": "contracts\\ThreeOhToken_2.sol:58"
            },
            {
              "contract": "ThreeOhToken_2",
              "label": "_fundingFee",
              "type": "t_uint256",
              "src": "contracts\\ThreeOhToken_2.sol:59"
            },
            {
              "contract": "ThreeOhToken_2",
              "label": "_previousFundingFee",
              "type": "t_uint256",
              "src": "contracts\\ThreeOhToken_2.sol:59"
            },
            {
              "contract": "ThreeOhToken_2",
              "label": "MarketingAddress",
              "type": "t_address",
              "src": "contracts\\ThreeOhToken_2.sol:60"
            },
            {
              "contract": "ThreeOhToken_2",
              "label": "BuybackAddress",
              "type": "t_address",
              "src": "contracts\\ThreeOhToken_2.sol:64"
            },
            {
              "contract": "ThreeOhToken_2",
              "label": "AdvocacyAddress",
              "type": "t_address",
              "src": "contracts\\ThreeOhToken_2.sol:67"
            },
            {
              "contract": "ThreeOhToken_2",
              "label": "deadAddress",
              "type": "t_address",
              "src": "contracts\\ThreeOhToken_2.sol:70"
            },
            {
              "contract": "ThreeOhToken_2",
              "label": "buyBackEnabled",
              "type": "t_bool",
              "src": "contracts\\ThreeOhToken_2.sol:71"
            },
            {
              "contract": "ThreeOhToken_2",
              "label": "uniswapV2Router",
              "type": "t_contract(IUniswapV2Router02)996",
              "src": "contracts\\ThreeOhToken_2.sol:72"
            },
            {
              "contract": "ThreeOhToken_2",
              "label": "uniswapV2Pair",
              "type": "t_address",
              "src": "contracts\\ThreeOhToken_2.sol:72"
            },
            {
              "contract": "ThreeOhToken_2",
              "label": "inSwapAndLiquify",
              "type": "t_bool",
              "src": "contracts\\ThreeOhToken_2.sol:73"
            },
            {
              "contract": "ThreeOhToken_2",
              "label": "swapAndLiquifyEnabled",
              "type": "t_bool",
              "src": "contracts\\ThreeOhToken_2.sol:73"
            },
            {
              "contract": "ThreeOhToken_2",
              "label": "_maxTxAmount",
              "type": "t_uint256",
              "src": "contracts\\ThreeOhToken_2.sol:74"
            },
            {
              "contract": "ThreeOhToken_2",
              "label": "numTokensSellToAddToLiquidity",
              "type": "t_uint256",
              "src": "contracts\\ThreeOhToken_2.sol:76"
            },
            {
              "contract": "ThreeOhToken_2",
              "label": "buyBackUpperLimit",
              "type": "t_uint256",
              "src": "contracts\\ThreeOhToken_2.sol:80"
            }
          ],
          "types": {
            "t_mapping(t_address,t_uint256)": {
              "label": "mapping(address => uint256)"
            },
            "t_address": {
              "label": "address"
            },
            "t_uint256": {
              "label": "uint256"
            },
            "t_mapping(t_address,t_mapping(t_address,t_uint256))": {
              "label": "mapping(address => mapping(address => uint256))"
            },
            "t_mapping(t_address,t_bool)": {
              "label": "mapping(address => bool)"
            },
            "t_bool": {
              "label": "bool"
            },
            "t_array(t_address)dyn_storage": {
              "label": "address[]"
            },
            "t_string_storage": {
              "label": "string"
            },
            "t_uint8": {
              "label": "uint8"
            },
            "t_contract(IUniswapV2Router02)996": {
              "label": "contract IUniswapV2Router02"
            }
          },
          "layoutVersion": "1.1"
        }
      }
    },
    {
      "Address": {
        "src": "contracts\\Address.sol:5",
        "version": {
          "withMetadata": "fb38f71177d0c07ebcd664462e7b05e8b20ddb713bcf0070ff2ecc6407a087de",
          "withoutMetadata": "aaa148c474cd10e1a6cd0a52c0b55f1aa9b7bb7b42d7f1cb5acaea4f42f04bc8",
          "linkedWithoutMetadata": "aaa148c474cd10e1a6cd0a52c0b55f1aa9b7bb7b42d7f1cb5acaea4f42f04bc8"
        },
        "inherit": [],
        "libraries": [],
        "methods": [],
        "linkReferences": [],
        "errors": [],
        "layout": {
          "storage": [],
          "types": {},
          "layoutVersion": "1.1"
        }
      },
      "Context": {
        "src": "contracts\\Context.sol:2",
        "inherit": [],
        "libraries": [],
        "methods": [],
        "linkReferences": [],
        "errors": [],
        "layout": {
          "storage": [],
          "types": {},
          "layoutVersion": "1.1"
        }
      },
      "IERC20": {
        "src": "contracts\\IERC20.sol:2",
        "inherit": [],
        "libraries": [],
        "methods": [
          "totalSupply()",
          "balanceOf(address)",
          "transfer(address,uint256)",
          "allowance(address,address)",
          "approve(address,uint256)",
          "transferFrom(address,address,uint256)"
        ],
        "linkReferences": [],
        "errors": [],
        "layout": {
          "storage": [],
          "types": {},
          "layoutVersion": "1.1"
        }
      },
      "IUniswapV2Factory": {
        "src": "contracts\\IUniswapV2Factory.sol:3",
        "inherit": [],
        "libraries": [],
        "methods": [
          "feeTo()",
          "feeToSetter()",
          "getPair(address,address)",
          "allPairs(uint256)",
          "allPairsLength()",
          "createPair(address,address)",
          "setFeeTo(address)",
          "setFeeToSetter(address)"
        ],
        "linkReferences": [],
        "errors": [],
        "layout": {
          "storage": [],
          "types": {},
          "layoutVersion": "1.1"
        }
      },
      "IUniswapV2Pair": {
        "src": "contracts\\IUniswapV2Factory.sol:22",
        "inherit": [],
        "libraries": [],
        "methods": [
          "name()",
          "symbol()",
          "decimals()",
          "totalSupply()",
          "balanceOf(address)",
          "allowance(address,address)",
          "approve(address,uint256)",
          "transfer(address,uint256)",
          "transferFrom(address,address,uint256)",
          "DOMAIN_SEPARATOR()",
          "PERMIT_TYPEHASH()",
          "nonces(address)",
          "permit(address,address,uint256,uint256,uint8,bytes32,bytes32)",
          "MINIMUM_LIQUIDITY()",
          "factory()",
          "token0()",
          "token1()",
          "getReserves()",
          "price0CumulativeLast()",
          "price1CumulativeLast()",
          "kLast()",
          "mint(address)",
          "burn(address)",
          "swap(uint256,uint256,address,bytes)",
          "skim(address)",
          "sync()",
          "initialize(address,address)"
        ],
        "linkReferences": [],
        "errors": [],
        "layout": {
          "storage": [],
          "types": {},
          "layoutVersion": "1.1"
        }
      },
      "IUniswapV2Router01": {
        "src": "contracts\\IUniswapV2Factory.sol:76",
        "inherit": [],
        "libraries": [],
        "methods": [
          "factory()",
          "WETH()",
          "addLiquidity(address,address,uint256,uint256,uint256,uint256,address,uint256)",
          "addLiquidityETH(address,uint256,uint256,uint256,address,uint256)",
          "removeLiquidity(address,address,uint256,uint256,uint256,address,uint256)",
          "removeLiquidityETH(address,uint256,uint256,uint256,address,uint256)",
          "removeLiquidityWithPermit(address,address,uint256,uint256,uint256,address,uint256,bool,uint8,bytes32,bytes32)",
          "removeLiquidityETHWithPermit(address,uint256,uint256,uint256,address,uint256,bool,uint8,bytes32,bytes32)",
          "swapExactTokensForTokens(uint256,uint256,address[],address,uint256)",
          "swapTokensForExactTokens(uint256,uint256,address[],address,uint256)",
          "swapExactETHForTokens(uint256,address[],address,uint256)",
          "swapTokensForExactETH(uint256,uint256,address[],address,uint256)",
          "swapExactTokensForETH(uint256,uint256,address[],address,uint256)",
          "swapETHForExactTokens(uint256,address[],address,uint256)",
          "quote(uint256,uint256,uint256)",
          "getAmountOut(uint256,uint256,uint256)",
          "getAmountIn(uint256,uint256,uint256)",
          "getAmountsOut(uint256,address[])",
          "getAmountsIn(uint256,address[])"
        ],
        "linkReferences": [],
        "errors": [],
        "layout": {
          "storage": [],
          "types": {},
          "layoutVersion": "1.1"
        }
      },
      "IUniswapV2Router02": {
        "src": "contracts\\IUniswapV2Factory.sol:174",
        "inherit": [
          "IUniswapV2Router01"
        ],
        "libraries": [],
        "methods": [
          "removeLiquidityETHSupportingFeeOnTransferTokens(address,uint256,uint256,uint256,address,uint256)",
          "removeLiquidityETHWithPermitSupportingFeeOnTransferTokens(address,uint256,uint256,uint256,address,uint256,bool,uint8,bytes32,bytes32)",
          "swapExactTokensForTokensSupportingFeeOnTransferTokens(uint256,uint256,address[],address,uint256)",
          "swapExactETHForTokensSupportingFeeOnTransferTokens(uint256,address[],address,uint256)",
          "swapExactTokensForETHSupportingFeeOnTransferTokens(uint256,uint256,address[],address,uint256)"
        ],
        "linkReferences": [],
        "errors": [],
        "layout": {
          "storage": [],
          "types": {},
          "layoutVersion": "1.1"
        }
      },
      "Ownable": {
        "src": "contracts\\Ownable.sol:15",
        "version": {
          "withMetadata": "437f2984b933d617ec5d57d38583aeb1f4e75296b0d618199a92ad186ac0691f",
          "withoutMetadata": "6fffee8fc7bc4d16b3d10e5a744d53c93f514c6925086253e8f5b4ab3aa4ba27",
          "linkedWithoutMetadata": "6fffee8fc7bc4d16b3d10e5a744d53c93f514c6925086253e8f5b4ab3aa4ba27"
        },
        "inherit": [
          "Context"
        ],
        "libraries": [],
        "methods": [
          "initial()",
          "owner()",
          "renounceOwnership()",
          "transferOwnership(address)",
          "geUnlockTime()"
        ],
        "linkReferences": [],
        "errors": [],
        "layout": {
          "storage": [
            {
              "contract": "Ownable",
              "label": "_owner",
              "type": "t_address",
              "src": "contracts\\Ownable.sol:16"
            },
            {
              "contract": "Ownable",
              "label": "_previousOwner",
              "type": "t_address",
              "src": "contracts\\Ownable.sol:17"
            },
            {
              "contract": "Ownable",
              "label": "_lockTime",
              "type": "t_uint256",
              "src": "contracts\\Ownable.sol:18"
            }
          ],
          "types": {
            "t_address": {
              "label": "address"
            },
            "t_uint256": {
              "label": "uint256"
            }
          },
          "layoutVersion": "1.1"
        }
      },
      "SafeMath": {
        "src": "contracts\\SafeMath.sol:15",
        "version": {
          "withMetadata": "2ae93945a27b003a52f9e92060d7d78fd32384d105719ab06f0dda1df5552252",
          "withoutMetadata": "aaa148c474cd10e1a6cd0a52c0b55f1aa9b7bb7b42d7f1cb5acaea4f42f04bc8",
          "linkedWithoutMetadata": "aaa148c474cd10e1a6cd0a52c0b55f1aa9b7bb7b42d7f1cb5acaea4f42f04bc8"
        },
        "inherit": [],
        "libraries": [],
        "methods": [],
        "linkReferences": [],
        "errors": [],
        "layout": {
          "storage": [],
          "types": {},
          "layoutVersion": "1.1"
        }
      },
      "ThreeOhToken_2": {
        "src": "contracts\\ThreeOhToken_2.sol:31",
        "version": {
          "withMetadata": "a27f68797d7186fd9ddb2fa72924db07e2ff1faf275b1b5614af4587ae3425f6",
          "withoutMetadata": "05d62a982c0b38214b33e03b32c5619a6845a22982605cc15c351571bebc251f",
          "linkedWithoutMetadata": "05d62a982c0b38214b33e03b32c5619a6845a22982605cc15c351571bebc251f"
        },
        "inherit": [
          "Ownable",
          "IERC20",
          "Context"
        ],
        "libraries": [
          "SafeMath",
          "Address"
        ],
        "methods": [
          "initialize()",
          "name()",
          "symbol()",
          "decimals()",
          "totalSupply()",
          "balanceOf(address)",
          "transfer(address,uint256)",
          "allowance(address,address)",
          "approve(address,uint256)",
          "transferFrom(address,address,uint256)",
          "increaseAllowance(address,uint256)",
          "decreaseAllowance(address,uint256)",
          "isExcludedFromReward(address)",
          "totalFees()",
          "deliver(uint256)",
          "reflectionFromToken(uint256,bool)",
          "tokenFromReflection(uint256)",
          "excludeFromReward(address)",
          "includeInReward(address)",
          "()",
          "isExcludedFromFee(address)",
          "buyBackUpperLimitAmount()",
          "setBuyBackEnabled(bool)",
          "excludeFromFee(address)",
          "includeInFee(address)",
          "setMarketingWallet(address)",
          "setBuybackWallet(address)",
          "setComunityWallet(address)",
          "setAdvocacyAddress(address)",
          "setMaxTxPercent(uint256)",
          "setSwapAndLiquifyEnabled(bool)",
          "_mint(uint256)"
        ],
        "linkReferences": [],
        "errors": [],
        "layout": {
          "storage": [
            {
              "contract": "ThreeOhToken_2",
              "label": "_rOwned",
              "type": "t_mapping(t_address,t_uint256)",
              "src": "contracts\\ThreeOhToken_2.sol:34"
            },
            {
              "contract": "ThreeOhToken_2",
              "label": "_tOwned",
              "type": "t_mapping(t_address,t_uint256)",
              "src": "contracts\\ThreeOhToken_2.sol:36"
            },
            {
              "contract": "ThreeOhToken_2",
              "label": "_allowances",
              "type": "t_mapping(t_address,t_mapping(t_address,t_uint256))",
              "src": "contracts\\ThreeOhToken_2.sol:37"
            },
            {
              "contract": "ThreeOhToken_2",
              "label": "_isExcludedFromFee",
              "type": "t_mapping(t_address,t_bool)",
              "src": "contracts\\ThreeOhToken_2.sol:38"
            },
            {
              "contract": "ThreeOhToken_2",
              "label": "_isExcluded",
              "type": "t_mapping(t_address,t_bool)",
              "src": "contracts\\ThreeOhToken_2.sol:41"
            },
            {
              "contract": "ThreeOhToken_2",
              "label": "_excluded",
              "type": "t_array(t_address)dyn_storage",
              "src": "contracts\\ThreeOhToken_2.sol:42"
            },
            {
              "contract": "ThreeOhToken_2",
              "label": "_tTotal",
              "type": "t_uint256",
              "src": "contracts\\ThreeOhToken_2.sol:45"
            },
            {
              "contract": "ThreeOhToken_2",
              "label": "_rTotal",
              "type": "t_uint256",
              "src": "contracts\\ThreeOhToken_2.sol:46"
            },
            {
              "contract": "ThreeOhToken_2",
              "label": "_tFeeTotal",
              "type": "t_uint256",
              "src": "contracts\\ThreeOhToken_2.sol:48"
            },
            {
              "contract": "ThreeOhToken_2",
              "label": "_name",
              "type": "t_string_storage",
              "src": "contracts\\ThreeOhToken_2.sol:49"
            },
            {
              "contract": "ThreeOhToken_2",
              "label": "_symbol",
              "type": "t_string_storage",
              "src": "contracts\\ThreeOhToken_2.sol:51"
            },
            {
              "contract": "ThreeOhToken_2",
              "label": "_decimals",
              "type": "t_uint8",
              "src": "contracts\\ThreeOhToken_2.sol:52"
            },
            {
              "contract": "ThreeOhToken_2",
              "label": "_taxFee",
              "type": "t_uint256",
              "src": "contracts\\ThreeOhToken_2.sol:54"
            },
            {
              "contract": "ThreeOhToken_2",
              "label": "_previousTaxFee",
              "type": "t_uint256",
              "src": "contracts\\ThreeOhToken_2.sol:55"
            },
            {
              "contract": "ThreeOhToken_2",
              "label": "_liquidityFee",
              "type": "t_uint256",
              "src": "contracts\\ThreeOhToken_2.sol:57"
            },
            {
              "contract": "ThreeOhToken_2",
              "label": "_previousLiquidityFee",
              "type": "t_uint256",
              "src": "contracts\\ThreeOhToken_2.sol:57"
            },
            {
              "contract": "ThreeOhToken_2",
              "label": "_burnFee",
              "type": "t_uint256",
              "src": "contracts\\ThreeOhToken_2.sol:58"
            },
            {
              "contract": "ThreeOhToken_2",
              "label": "_previousBurnFee",
              "type": "t_uint256",
              "src": "contracts\\ThreeOhToken_2.sol:58"
            },
            {
              "contract": "ThreeOhToken_2",
              "label": "_fundingFee",
              "type": "t_uint256",
              "src": "contracts\\ThreeOhToken_2.sol:59"
            },
            {
              "contract": "ThreeOhToken_2",
              "label": "_previousFundingFee",
              "type": "t_uint256",
              "src": "contracts\\ThreeOhToken_2.sol:59"
            },
            {
              "contract": "ThreeOhToken_2",
              "label": "MarketingAddress",
              "type": "t_address",
              "src": "contracts\\ThreeOhToken_2.sol:60"
            },
            {
              "contract": "ThreeOhToken_2",
              "label": "BuybackAddress",
              "type": "t_address",
              "src": "contracts\\ThreeOhToken_2.sol:64"
            },
            {
              "contract": "ThreeOhToken_2",
              "label": "AdvocacyAddress",
              "type": "t_address",
              "src": "contracts\\ThreeOhToken_2.sol:67"
            },
            {
              "contract": "ThreeOhToken_2",
              "label": "deadAddress",
              "type": "t_address",
              "src": "contracts\\ThreeOhToken_2.sol:70"
            },
            {
              "contract": "ThreeOhToken_2",
              "label": "buyBackEnabled",
              "type": "t_bool",
              "src": "contracts\\ThreeOhToken_2.sol:71"
            },
            {
              "contract": "ThreeOhToken_2",
              "label": "uniswapV2Router",
              "type": "t_contract(IUniswapV2Router02)996",
              "src": "contracts\\ThreeOhToken_2.sol:72"
            },
            {
              "contract": "ThreeOhToken_2",
              "label": "uniswapV2Pair",
              "type": "t_address",
              "src": "contracts\\ThreeOhToken_2.sol:72"
            },
            {
              "contract": "ThreeOhToken_2",
              "label": "inSwapAndLiquify",
              "type": "t_bool",
              "src": "contracts\\ThreeOhToken_2.sol:73"
            },
            {
              "contract": "ThreeOhToken_2",
              "label": "swapAndLiquifyEnabled",
              "type": "t_bool",
              "src": "contracts\\ThreeOhToken_2.sol:73"
            },
            {
              "contract": "ThreeOhToken_2",
              "label": "_maxTxAmount",
              "type": "t_uint256",
              "src": "contracts\\ThreeOhToken_2.sol:74"
            },
            {
              "contract": "ThreeOhToken_2",
              "label": "numTokensSellToAddToLiquidity",
              "type": "t_uint256",
              "src": "contracts\\ThreeOhToken_2.sol:76"
            },
            {
              "contract": "ThreeOhToken_2",
              "label": "buyBackUpperLimit",
              "type": "t_uint256",
              "src": "contracts\\ThreeOhToken_2.sol:80"
            }
          ],
          "types": {
            "t_mapping(t_address,t_uint256)": {
              "label": "mapping(address => uint256)"
            },
            "t_address": {
              "label": "address"
            },
            "t_uint256": {
              "label": "uint256"
            },
            "t_mapping(t_address,t_mapping(t_address,t_uint256))": {
              "label": "mapping(address => mapping(address => uint256))"
            },
            "t_mapping(t_address,t_bool)": {
              "label": "mapping(address => bool)"
            },
            "t_bool": {
              "label": "bool"
            },
            "t_array(t_address)dyn_storage": {
              "label": "address[]"
            },
            "t_string_storage": {
              "label": "string"
            },
            "t_uint8": {
              "label": "uint8"
            },
            "t_contract(IUniswapV2Router02)996": {
              "label": "contract IUniswapV2Router02"
            }
          },
          "layoutVersion": "1.1"
        }
      }
    },
    {
      "Address": {
        "src": "contracts\\Address.sol:5",
        "version": {
          "withMetadata": "fb38f71177d0c07ebcd664462e7b05e8b20ddb713bcf0070ff2ecc6407a087de",
          "withoutMetadata": "aaa148c474cd10e1a6cd0a52c0b55f1aa9b7bb7b42d7f1cb5acaea4f42f04bc8",
          "linkedWithoutMetadata": "aaa148c474cd10e1a6cd0a52c0b55f1aa9b7bb7b42d7f1cb5acaea4f42f04bc8"
        },
        "inherit": [],
        "libraries": [],
        "methods": [],
        "linkReferences": [],
        "errors": [],
        "layout": {
          "storage": [],
          "types": {},
          "layoutVersion": "1.1"
        }
      },
      "Context": {
        "src": "contracts\\Context.sol:2",
        "inherit": [],
        "libraries": [],
        "methods": [],
        "linkReferences": [],
        "errors": [],
        "layout": {
          "storage": [],
          "types": {},
          "layoutVersion": "1.1"
        }
      },
      "IERC20": {
        "src": "contracts\\IERC20.sol:2",
        "inherit": [],
        "libraries": [],
        "methods": [
          "totalSupply()",
          "balanceOf(address)",
          "transfer(address,uint256)",
          "allowance(address,address)",
          "approve(address,uint256)",
          "transferFrom(address,address,uint256)"
        ],
        "linkReferences": [],
        "errors": [],
        "layout": {
          "storage": [],
          "types": {},
          "layoutVersion": "1.1"
        }
      },
      "IUniswapV2Factory": {
        "src": "contracts\\IUniswapV2Factory.sol:3",
        "inherit": [],
        "libraries": [],
        "methods": [
          "feeTo()",
          "feeToSetter()",
          "getPair(address,address)",
          "allPairs(uint256)",
          "allPairsLength()",
          "createPair(address,address)",
          "setFeeTo(address)",
          "setFeeToSetter(address)"
        ],
        "linkReferences": [],
        "errors": [],
        "layout": {
          "storage": [],
          "types": {},
          "layoutVersion": "1.1"
        }
      },
      "IUniswapV2Pair": {
        "src": "contracts\\IUniswapV2Factory.sol:22",
        "inherit": [],
        "libraries": [],
        "methods": [
          "name()",
          "symbol()",
          "decimals()",
          "totalSupply()",
          "balanceOf(address)",
          "allowance(address,address)",
          "approve(address,uint256)",
          "transfer(address,uint256)",
          "transferFrom(address,address,uint256)",
          "DOMAIN_SEPARATOR()",
          "PERMIT_TYPEHASH()",
          "nonces(address)",
          "permit(address,address,uint256,uint256,uint8,bytes32,bytes32)",
          "MINIMUM_LIQUIDITY()",
          "factory()",
          "token0()",
          "token1()",
          "getReserves()",
          "price0CumulativeLast()",
          "price1CumulativeLast()",
          "kLast()",
          "mint(address)",
          "burn(address)",
          "swap(uint256,uint256,address,bytes)",
          "skim(address)",
          "sync()",
          "initialize(address,address)"
        ],
        "linkReferences": [],
        "errors": [],
        "layout": {
          "storage": [],
          "types": {},
          "layoutVersion": "1.1"
        }
      },
      "IUniswapV2Router01": {
        "src": "contracts\\IUniswapV2Factory.sol:76",
        "inherit": [],
        "libraries": [],
        "methods": [
          "factory()",
          "WETH()",
          "addLiquidity(address,address,uint256,uint256,uint256,uint256,address,uint256)",
          "addLiquidityETH(address,uint256,uint256,uint256,address,uint256)",
          "removeLiquidity(address,address,uint256,uint256,uint256,address,uint256)",
          "removeLiquidityETH(address,uint256,uint256,uint256,address,uint256)",
          "removeLiquidityWithPermit(address,address,uint256,uint256,uint256,address,uint256,bool,uint8,bytes32,bytes32)",
          "removeLiquidityETHWithPermit(address,uint256,uint256,uint256,address,uint256,bool,uint8,bytes32,bytes32)",
          "swapExactTokensForTokens(uint256,uint256,address[],address,uint256)",
          "swapTokensForExactTokens(uint256,uint256,address[],address,uint256)",
          "swapExactETHForTokens(uint256,address[],address,uint256)",
          "swapTokensForExactETH(uint256,uint256,address[],address,uint256)",
          "swapExactTokensForETH(uint256,uint256,address[],address,uint256)",
          "swapETHForExactTokens(uint256,address[],address,uint256)",
          "quote(uint256,uint256,uint256)",
          "getAmountOut(uint256,uint256,uint256)",
          "getAmountIn(uint256,uint256,uint256)",
          "getAmountsOut(uint256,address[])",
          "getAmountsIn(uint256,address[])"
        ],
        "linkReferences": [],
        "errors": [],
        "layout": {
          "storage": [],
          "types": {},
          "layoutVersion": "1.1"
        }
      },
      "IUniswapV2Router02": {
        "src": "contracts\\IUniswapV2Factory.sol:174",
        "inherit": [
          "IUniswapV2Router01"
        ],
        "libraries": [],
        "methods": [
          "removeLiquidityETHSupportingFeeOnTransferTokens(address,uint256,uint256,uint256,address,uint256)",
          "removeLiquidityETHWithPermitSupportingFeeOnTransferTokens(address,uint256,uint256,uint256,address,uint256,bool,uint8,bytes32,bytes32)",
          "swapExactTokensForTokensSupportingFeeOnTransferTokens(uint256,uint256,address[],address,uint256)",
          "swapExactETHForTokensSupportingFeeOnTransferTokens(uint256,address[],address,uint256)",
          "swapExactTokensForETHSupportingFeeOnTransferTokens(uint256,uint256,address[],address,uint256)"
        ],
        "linkReferences": [],
        "errors": [],
        "layout": {
          "storage": [],
          "types": {},
          "layoutVersion": "1.1"
        }
      },
      "Ownable": {
        "src": "contracts\\Ownable.sol:15",
        "version": {
          "withMetadata": "437f2984b933d617ec5d57d38583aeb1f4e75296b0d618199a92ad186ac0691f",
          "withoutMetadata": "6fffee8fc7bc4d16b3d10e5a744d53c93f514c6925086253e8f5b4ab3aa4ba27",
          "linkedWithoutMetadata": "6fffee8fc7bc4d16b3d10e5a744d53c93f514c6925086253e8f5b4ab3aa4ba27"
        },
        "inherit": [
          "Context"
        ],
        "libraries": [],
        "methods": [
          "initial()",
          "owner()",
          "renounceOwnership()",
          "transferOwnership(address)",
          "geUnlockTime()"
        ],
        "linkReferences": [],
        "errors": [],
        "layout": {
          "storage": [
            {
              "contract": "Ownable",
              "label": "_owner",
              "type": "t_address",
              "src": "contracts\\Ownable.sol:16"
            },
            {
              "contract": "Ownable",
              "label": "_previousOwner",
              "type": "t_address",
              "src": "contracts\\Ownable.sol:17"
            },
            {
              "contract": "Ownable",
              "label": "_lockTime",
              "type": "t_uint256",
              "src": "contracts\\Ownable.sol:18"
            }
          ],
          "types": {
            "t_address": {
              "label": "address"
            },
            "t_uint256": {
              "label": "uint256"
            }
          },
          "layoutVersion": "1.1"
        }
      },
      "SafeMath": {
        "src": "contracts\\SafeMath.sol:15",
        "version": {
          "withMetadata": "2ae93945a27b003a52f9e92060d7d78fd32384d105719ab06f0dda1df5552252",
          "withoutMetadata": "aaa148c474cd10e1a6cd0a52c0b55f1aa9b7bb7b42d7f1cb5acaea4f42f04bc8",
          "linkedWithoutMetadata": "aaa148c474cd10e1a6cd0a52c0b55f1aa9b7bb7b42d7f1cb5acaea4f42f04bc8"
        },
        "inherit": [],
        "libraries": [],
        "methods": [],
        "linkReferences": [],
        "errors": [],
        "layout": {
          "storage": [],
          "types": {},
          "layoutVersion": "1.1"
        }
      },
      "ThreeOhToken_1": {
        "src": "contracts\\ThreeOhToken_1.sol:31",
        "version": {
          "withMetadata": "619abc73c8f62e8a63372b2fe24968c513171cafad40a1d7571349cc3f4bdb92",
          "withoutMetadata": "5760a04fa355dda39dc176c208242070b9194facbd42db59e2ea0b7f8d6fd4d4",
          "linkedWithoutMetadata": "5760a04fa355dda39dc176c208242070b9194facbd42db59e2ea0b7f8d6fd4d4"
        },
        "inherit": [
          "Ownable",
          "IERC20",
          "Context"
        ],
        "libraries": [
          "SafeMath",
          "Address"
        ],
        "methods": [
          "initialize()",
          "name()",
          "symbol()",
          "decimals()",
          "totalSupply()",
          "balanceOf(address)",
          "transfer(address,uint256)",
          "allowance(address,address)",
          "approve(address,uint256)",
          "transferFrom(address,address,uint256)",
          "increaseAllowance(address,uint256)",
          "decreaseAllowance(address,uint256)",
          "isExcludedFromReward(address)",
          "totalFees()",
          "deliver(uint256)",
          "reflectionFromToken(uint256,bool)",
          "tokenFromReflection(uint256)",
          "excludeFromReward(address)",
          "includeInReward(address)",
          "()",
          "isExcludedFromFee(address)",
          "buyBackUpperLimitAmount()",
          "setBuyBackEnabled(bool)",
          "excludeFromFee(address)",
          "includeInFee(address)",
          "setMarketingWallet(address)",
          "setBuybackWallet(address)",
          "setComunityWallet(address)",
          "setAdvocacyAddress(address)",
          "setMaxTxPercent(uint256)",
          "setSwapAndLiquifyEnabled(bool)",
          "_mint(uint256)"
        ],
        "linkReferences": [],
        "errors": [],
        "layout": {
          "storage": [
            {
              "contract": "ThreeOhToken_1",
              "label": "_rOwned",
              "type": "t_mapping(t_address,t_uint256)",
              "src": "contracts\\ThreeOhToken_1.sol:34"
            },
            {
              "contract": "ThreeOhToken_1",
              "label": "_tOwned",
              "type": "t_mapping(t_address,t_uint256)",
              "src": "contracts\\ThreeOhToken_1.sol:36"
            },
            {
              "contract": "ThreeOhToken_1",
              "label": "_allowances",
              "type": "t_mapping(t_address,t_mapping(t_address,t_uint256))",
              "src": "contracts\\ThreeOhToken_1.sol:37"
            },
            {
              "contract": "ThreeOhToken_1",
              "label": "_isExcludedFromFee",
              "type": "t_mapping(t_address,t_bool)",
              "src": "contracts\\ThreeOhToken_1.sol:38"
            },
            {
              "contract": "ThreeOhToken_1",
              "label": "_isExcluded",
              "type": "t_mapping(t_address,t_bool)",
              "src": "contracts\\ThreeOhToken_1.sol:41"
            },
            {
              "contract": "ThreeOhToken_1",
              "label": "_excluded",
              "type": "t_array(t_address)dyn_storage",
              "src": "contracts\\ThreeOhToken_1.sol:42"
            },
            {
              "contract": "ThreeOhToken_1",
              "label": "_tTotal",
              "type": "t_uint256",
              "src": "contracts\\ThreeOhToken_1.sol:45"
            },
            {
              "contract": "ThreeOhToken_1",
              "label": "_rTotal",
              "type": "t_uint256",
              "src": "contracts\\ThreeOhToken_1.sol:46"
            },
            {
              "contract": "ThreeOhToken_1",
              "label": "_tFeeTotal",
              "type": "t_uint256",
              "src": "contracts\\ThreeOhToken_1.sol:48"
            },
            {
              "contract": "ThreeOhToken_1",
              "label": "_name",
              "type": "t_string_storage",
              "src": "contracts\\ThreeOhToken_1.sol:49"
            },
            {
              "contract": "ThreeOhToken_1",
              "label": "_symbol",
              "type": "t_string_storage",
              "src": "contracts\\ThreeOhToken_1.sol:51"
            },
            {
              "contract": "ThreeOhToken_1",
              "label": "_decimals",
              "type": "t_uint8",
              "src": "contracts\\ThreeOhToken_1.sol:52"
            },
            {
              "contract": "ThreeOhToken_1",
              "label": "_taxFee",
              "type": "t_uint256",
              "src": "contracts\\ThreeOhToken_1.sol:54"
            },
            {
              "contract": "ThreeOhToken_1",
              "label": "_previousTaxFee",
              "type": "t_uint256",
              "src": "contracts\\ThreeOhToken_1.sol:55"
            },
            {
              "contract": "ThreeOhToken_1",
              "label": "_liquidityFee",
              "type": "t_uint256",
              "src": "contracts\\ThreeOhToken_1.sol:57"
            },
            {
              "contract": "ThreeOhToken_1",
              "label": "_previousLiquidityFee",
              "type": "t_uint256",
              "src": "contracts\\ThreeOhToken_1.sol:57"
            },
            {
              "contract": "ThreeOhToken_1",
              "label": "_burnFee",
              "type": "t_uint256",
              "src": "contracts\\ThreeOhToken_1.sol:58"
            },
            {
              "contract": "ThreeOhToken_1",
              "label": "_previousBurnFee",
              "type": "t_uint256",
              "src": "contracts\\ThreeOhToken_1.sol:58"
            },
            {
              "contract": "ThreeOhToken_1",
              "label": "_fundingFee",
              "type": "t_uint256",
              "src": "contracts\\ThreeOhToken_1.sol:59"
            },
            {
              "contract": "ThreeOhToken_1",
              "label": "_previousFundingFee",
              "type": "t_uint256",
              "src": "contracts\\ThreeOhToken_1.sol:59"
            },
            {
              "contract": "ThreeOhToken_1",
              "label": "MarketingAddress",
              "type": "t_address",
              "src": "contracts\\ThreeOhToken_1.sol:60"
            },
            {
              "contract": "ThreeOhToken_1",
              "label": "BuybackAddress",
              "type": "t_address",
              "src": "contracts\\ThreeOhToken_1.sol:64"
            },
            {
              "contract": "ThreeOhToken_1",
              "label": "AdvocacyAddress",
              "type": "t_address",
              "src": "contracts\\ThreeOhToken_1.sol:67"
            },
            {
              "contract": "ThreeOhToken_1",
              "label": "deadAddress",
              "type": "t_address",
              "src": "contracts\\ThreeOhToken_1.sol:70"
            },
            {
              "contract": "ThreeOhToken_1",
              "label": "buyBackEnabled",
              "type": "t_bool",
              "src": "contracts\\ThreeOhToken_1.sol:71"
            },
            {
              "contract": "ThreeOhToken_1",
              "label": "uniswapV2Router",
              "type": "t_contract(IUniswapV2Router02)996",
              "src": "contracts\\ThreeOhToken_1.sol:72"
            },
            {
              "contract": "ThreeOhToken_1",
              "label": "uniswapV2Pair",
              "type": "t_address",
              "src": "contracts\\ThreeOhToken_1.sol:72"
            },
            {
              "contract": "ThreeOhToken_1",
              "label": "inSwapAndLiquify",
              "type": "t_bool",
              "src": "contracts\\ThreeOhToken_1.sol:73"
            },
            {
              "contract": "ThreeOhToken_1",
              "label": "swapAndLiquifyEnabled",
              "type": "t_bool",
              "src": "contracts\\ThreeOhToken_1.sol:73"
            },
            {
              "contract": "ThreeOhToken_1",
              "label": "_maxTxAmount",
              "type": "t_uint256",
              "src": "contracts\\ThreeOhToken_1.sol:74"
            },
            {
              "contract": "ThreeOhToken_1",
              "label": "numTokensSellToAddToLiquidity",
              "type": "t_uint256",
              "src": "contracts\\ThreeOhToken_1.sol:76"
            },
            {
              "contract": "ThreeOhToken_1",
              "label": "buyBackUpperLimit",
              "type": "t_uint256",
              "src": "contracts\\ThreeOhToken_1.sol:80"
            }
          ],
          "types": {
            "t_mapping(t_address,t_uint256)": {
              "label": "mapping(address => uint256)"
            },
            "t_address": {
              "label": "address"
            },
            "t_uint256": {
              "label": "uint256"
            },
            "t_mapping(t_address,t_mapping(t_address,t_uint256))": {
              "label": "mapping(address => mapping(address => uint256))"
            },
            "t_mapping(t_address,t_bool)": {
              "label": "mapping(address => bool)"
            },
            "t_bool": {
              "label": "bool"
            },
            "t_array(t_address)dyn_storage": {
              "label": "address[]"
            },
            "t_string_storage": {
              "label": "string"
            },
            "t_uint8": {
              "label": "uint8"
            },
            "t_contract(IUniswapV2Router02)996": {
              "label": "contract IUniswapV2Router02"
            }
          },
          "layoutVersion": "1.1"
        }
      }
    }
  ]
}