{
  "_format": "hh-sol-cache-2",
  "files": {
    "C:\\App\\unitTest\\contracts\\Address.sol": {
      "lastModificationDate": 1641879549041,
      "contentHash": "2b512d7bf08175600b36cb6a66760cc6",
      "sourceName": "contracts/Address.sol",
      "solcConfig": {
        "version": "0.6.12",
        "settings": {
          "optimizer": {
            "enabled": false,
            "runs": 200
          },
          "outputSelection": {
            "*": {
              "*": [
                "abi",
                "evm.bytecode",
                "evm.deployedBytecode",
                "evm.methodIdentifiers",
                "metadata"
              ],
              "": [
                "ast"
              ]
            }
          }
        }
      },
      "imports": [],
      "versionPragmas": [
        "^0.6.0"
      ],
      "artifacts": [
        "Address"
      ]
    },
    "C:\\App\\unitTest\\contracts\\ThreeOhToken.sol": {
      "lastModificationDate": 1641893730125,
      "contentHash": "315795fdb177a87a9a489d72e73d2119",
      "sourceName": "contracts/ThreeOhToken.sol",
      "solcConfig": {
        "version": "0.6.12",
        "settings": {
          "optimizer": {
            "enabled": false,
            "runs": 200
          },
          "outputSelection": {
            "*": {
              "*": [
                "abi",
                "evm.bytecode",
                "evm.deployedBytecode",
                "evm.methodIdentifiers",
                "metadata"
              ],
              "": [
                "ast"
              ]
            }
          }
        }
      },
      "imports": [
        "./Context.sol",
        "./Address.sol",
        "./SafeMath.sol",
        "./IERC20.sol",
        "./IUniswapV2Factory.sol",
        "hardhat/console.sol"
      ],
      "versionPragmas": [
        "^0.6.0"
      ],
      "artifacts": [
        "Ownable",
        "ThreeOhToken"
      ]
    },
    "C:\\App\\unitTest\\contracts\\Context.sol": {
      "lastModificationDate": 1641879545111,
      "contentHash": "2735c945e85fc5fd14110b00b45c2333",
      "sourceName": "contracts/Context.sol",
      "solcConfig": {
        "version": "0.6.12",
        "settings": {
          "optimizer": {
            "enabled": false,
            "runs": 200
          },
          "outputSelection": {
            "*": {
              "*": [
                "abi",
                "evm.bytecode",
                "evm.deployedBytecode",
                "evm.methodIdentifiers",
                "metadata"
              ],
              "": [
                "ast"
              ]
            }
          }
        }
      },
      "imports": [],
      "versionPragmas": [
        "^0.6.0"
      ],
      "artifacts": [
        "Context"
      ]
    },
    "C:\\App\\unitTest\\contracts\\SafeMath.sol": {
      "lastModificationDate": 1641879522878,
      "contentHash": "fa2f42972fd769a0b2542d77b51981e7",
      "sourceName": "contracts/SafeMath.sol",
      "solcConfig": {
        "version": "0.6.12",
        "settings": {
          "optimizer": {
            "enabled": false,
            "runs": 200
          },
          "outputSelection": {
            "*": {
              "*": [
                "abi",
                "evm.bytecode",
                "evm.deployedBytecode",
                "evm.methodIdentifiers",
                "metadata"
              ],
              "": [
                "ast"
              ]
            }
          }
        }
      },
      "imports": [],
      "versionPragmas": [
        "^0.6.0"
      ],
      "artifacts": [
        "SafeMath"
      ]
    },
    "C:\\App\\unitTest\\contracts\\IERC20.sol": {
      "lastModificationDate": 1641879540221,
      "contentHash": "a5a809105cde76e556aebdff353a4b29",
      "sourceName": "contracts/IERC20.sol",
      "solcConfig": {
        "version": "0.6.12",
        "settings": {
          "optimizer": {
            "enabled": false,
            "runs": 200
          },
          "outputSelection": {
            "*": {
              "*": [
                "abi",
                "evm.bytecode",
                "evm.deployedBytecode",
                "evm.methodIdentifiers",
                "metadata"
              ],
              "": [
                "ast"
              ]
            }
          }
        }
      },
      "imports": [],
      "versionPragmas": [
        "^0.6.0"
      ],
      "artifacts": [
        "IERC20"
      ]
    },
    "C:\\App\\unitTest\\contracts\\IUniswapV2Factory.sol": {
      "lastModificationDate": 1641879534939,
      "contentHash": "019ed9a32233496ccd105b310996a132",
      "sourceName": "contracts/IUniswapV2Factory.sol",
      "solcConfig": {
        "version": "0.6.12",
        "settings": {
          "optimizer": {
            "enabled": false,
            "runs": 200
          },
          "outputSelection": {
            "*": {
              "*": [
                "abi",
                "evm.bytecode",
                "evm.deployedBytecode",
                "evm.methodIdentifiers",
                "metadata"
              ],
              "": [
                "ast"
              ]
            }
          }
        }
      },
      "imports": [],
      "versionPragmas": [
        "^0.6.0"
      ],
      "artifacts": [
        "IUniswapV2Factory",
        "IUniswapV2Pair",
        "IUniswapV2Router01",
        "IUniswapV2Router02"
      ]
    },
    "C:\\App\\unitTest\\node_modules\\hardhat\\console.sol": {
      "lastModificationDate": 1641880355543,
      "contentHash": "cc4777addd464ea56fa35b1c45df0591",
      "sourceName": "hardhat/console.sol",
      "solcConfig": {
        "version": "0.6.12",
        "settings": {
          "optimizer": {
            "enabled": false,
            "runs": 200
          },
          "outputSelection": {
            "*": {
              "*": [
                "abi",
                "evm.bytecode",
                "evm.deployedBytecode",
                "evm.methodIdentifiers",
                "metadata"
              ],
              "": [
                "ast"
              ]
            }
          }
        }
      },
      "imports": [],
      "versionPragmas": [
        ">=0.4.22 <0.9.0"
      ],
      "artifacts": [
        "console"
      ]
    },
    "C:\\App\\unitTest\\contracts\\Ownable.sol": {
      "lastModificationDate": 1641879530468,
      "contentHash": "f7630c9e231ab12ddddb51a21d897421",
      "sourceName": "contracts/Ownable.sol",
      "solcConfig": {
        "version": "0.6.12",
        "settings": {
          "optimizer": {
            "enabled": false,
            "runs": 200
          },
          "outputSelection": {
            "*": {
              "*": [
                "abi",
                "evm.bytecode",
                "evm.deployedBytecode",
                "evm.methodIdentifiers",
                "metadata"
              ],
              "": [
                "ast"
              ]
            }
          }
        }
      },
      "imports": [
        "./Context.sol"
      ],
      "versionPragmas": [
        "^0.6.0"
      ],
      "artifacts": [
        "Ownable"
      ]
    }
  }
}
